{"cameraMode":{"drawMode":0,"name":"Shaded","section":"Shading Mode"},"sceneLighting":true,"audioPlay":false,"sceneViewState":{"m_AlwaysRefresh":false,"showFog":true,"showSkybox":true,"showFlares":true,"showImageEffects":true,"showParticleSystems":true,"showVisualEffectGraphs":true,"m_FxEnabled":true},"in2DMode":false,"pivot":{"x":16.97470474243164,"y":11.86750602722168,"z":-29.59063720703125},"rotation":{"x":0.19340729713439942,"y":-0.4952320158481598,"z":0.11413194239139557,"w":0.8392475247383118},"size":0.38652878999710085,"orthographic":true}