{"cameraMode":{"drawMode":0,"name":"Shaded","section":"Shading Mode"},"sceneLighting":false,"audioPlay":false,"sceneViewState":{"m_AlwaysRefresh":false,"showFog":true,"showSkybox":false,"showFlares":true,"showImageEffects":true,"showParticleSystems":true,"showVisualEffectGraphs":true,"m_FxEnabled":true},"in2DMode":false,"pivot":{"x":1.1920928955078126e-7,"y":1.009767770767212,"z":-1.1920928955078126e-7},"rotation":{"x":0.22595298290252686,"y":-0.19056181609630586,"z":0.04512551799416542,"w":0.9542659521102905},"size":2.099905014038086,"orthographic":true}