{"cameraMode":{"drawMode":0,"name":"Shaded","section":"Shading Mode"},"sceneLighting":false,"audioPlay":false,"sceneViewState":{"m_AlwaysRefresh":false,"showFog":true,"showSkybox":false,"showFlares":true,"showImageEffects":true,"showParticleSystems":true,"showVisualEffectGraphs":true,"m_FxEnabled":true},"in2DMode":false,"pivot":{"x":-0.08776628971099854,"y":0.7344321012496948,"z":0.26261332631111147},"rotation":{"x":0.132572203874588,"y":-0.6407824158668518,"z":0.11362531781196594,"w":0.7476153373718262},"size":1.102426528930664,"orthographic":true}